{
	 "rootnode": {
		 "name": "road13.obj"
		,"transformation": [
			 1
			,0
			,0
			,0
			,0
			,1
			,0
			,0
			,0
			,0
			,1
			,0
			,0
			,0
			,0
			,1
		]
		,"children": [
			{
				 "name": "Building"
				,"transformation": [
					 1
					,0
					,0
					,0
					,0
					,1
					,0
					,0
					,0
					,0
					,1
					,0
					,0
					,0
					,0
					,1
				]
				,"meshes": [
					 0
				]
			}
			,{
				 "name": "Plane.007"
				,"transformation": [
					 1
					,0
					,0
					,0
					,0
					,1
					,0
					,0
					,0
					,0
					,1
					,0
					,0
					,0
					,0
					,1
				]
				,"meshes": [
					 1
				]
			}
		]
	}
	,"flags": 8
	,"meshes": [
		{
			 "name": ""
			,"materialindex": 2
			,"primitivetypes": 4
			,"vertices": [
				 -0.454038
				,1.7621
				,0.335423
				,0.505962
				,1.7621
				,0.335423
				,0.505962
				,1.7813
				,0.335423
				,-0.454038
				,1.7813
				,0.335423
				,0.505962
				,1.7621
				,0.335423
				,0.505962
				,1.7621
				,-0.336577
				,0.505962
				,1.7813
				,-0.336577
				,0.505962
				,1.7813
				,0.335423
				,0.505962
				,1.7621
				,-0.336577
				,-0.454038
				,1.7621
				,-0.336577
				,-0.454038
				,1.7813
				,-0.336577
				,0.505962
				,1.7813
				,-0.336577
				,-0.454038
				,1.7621
				,-0.336577
				,-0.454038
				,1.7621
				,0.335423
				,-0.454038
				,1.7813
				,0.335423
				,-0.454038
				,1.7813
				,-0.336577
				,-0.406038
				,1.7621
				,0.287423
				,0.457962
				,1.7621
				,0.287423
				,0.505962
				,1.7621
				,0.335423
				,-0.454038
				,1.7621
				,0.335423
				,0.457962
				,1.7621
				,-0.288577
				,-0.406038
				,1.7621
				,-0.288577
				,-0.454038
				,1.7621
				,-0.336577
				,0.505962
				,1.7621
				,-0.336577
				,-0.454038
				,1.7813
				,0.335423
				,-0.118038
				,1.9253
				,-0.000576
				,-0.454038
				,1.7813
				,-0.336577
				,0.169962
				,1.9253
				,-0.000576
				,0.505962
				,1.7813
				,0.335423
				,0.505962
				,1.7813
				,-0.336577
				,-0.454038
				,1.7813
				,-0.336577
				,-0.118038
				,1.9253
				,-0.000576
				,0.169962
				,1.9253
				,-0.000576
				,0.505962
				,1.7813
				,-0.336577
				,0.505962
				,1.7813
				,0.335423
				,0.169962
				,1.9253
				,-0.000576
				,-0.118038
				,1.9253
				,-0.000576
				,-0.454038
				,1.7813
				,0.335423
				,0.457962
				,0.0341
				,-0.288578
				,0.457962
				,0.0341
				,0.287422
				,-0.406038
				,0.0341
				,0.287422
				,-0.406038
				,0.0341
				,-0.288578
				,0.457962
				,1.7621
				,0.287423
				,-0.406038
				,1.7621
				,0.287423
				,-0.406038
				,0.0341
				,0.287422
				,0.457962
				,0.0341
				,0.287422
				,0.457962
				,1.7621
				,-0.288577
				,0.457962
				,1.7621
				,0.287423
				,0.457962
				,0.0341
				,0.287422
				,0.457962
				,0.0341
				,-0.288578
				,-0.406038
				,1.7621
				,-0.288577
				,0.457962
				,1.7621
				,-0.288577
				,0.457962
				,0.0341
				,-0.288578
				,-0.406038
				,0.0341
				,-0.288578
				,-0.406038
				,1.7621
				,0.287423
				,-0.406038
				,1.7621
				,-0.288577
				,-0.406038
				,0.0341
				,-0.288578
				,-0.406038
				,0.0341
				,0.287422
			]
			,"normals": [
				 0
				,0
				,1
				,0
				,0
				,1
				,0
				,0
				,1
				,0
				,0
				,1
				,1
				,0
				,0
				,1
				,0
				,0
				,1
				,0
				,0
				,1
				,0
				,0
				,0
				,0
				,-1
				,0
				,0
				,-1
				,0
				,0
				,-1
				,0
				,0
				,-1
				,-1
				,0
				,0
				,-1
				,0
				,0
				,-1
				,0
				,0
				,-1
				,0
				,0
				,0
				,-1
				,0
				,0
				,-1
				,0
				,0
				,-1
				,0
				,0
				,-1
				,0
				,0
				,-1
				,0
				,0
				,-1
				,0
				,0
				,-1
				,0
				,0
				,-1
				,0
				,-0.3939
				,0.9191
				,0
				,-0.3939
				,0.9191
				,0
				,-0.3939
				,0.9191
				,0
				,0.3939
				,0.9191
				,0
				,0.3939
				,0.9191
				,0
				,0.3939
				,0.9191
				,0
				,0
				,0.9191
				,-0.3939
				,0
				,0.9191
				,-0.3939
				,0
				,0.9191
				,-0.3939
				,0
				,0.9191
				,-0.3939
				,0
				,0.9191
				,0.3939
				,0
				,0.9191
				,0.3939
				,0
				,0.9191
				,0.3939
				,0
				,0.9191
				,0.3939
				,0
				,-1
				,0
				,0
				,-1
				,0
				,0
				,-1
				,0
				,0
				,-1
				,0
				,0
				,0
				,1
				,0
				,0
				,1
				,0
				,0
				,1
				,0
				,0
				,1
				,1
				,0
				,0
				,1
				,0
				,0
				,1
				,0
				,0
				,1
				,0
				,0
				,0
				,0
				,-1
				,0
				,0
				,-1
				,0
				,0
				,-1
				,0
				,0
				,-1
				,-1
				,0
				,0
				,-1
				,0
				,0
				,-1
				,0
				,0
				,-1
				,0
				,0
			]
			,"tangents": [
				 1
				,0
				,0
				,1
				,0
				,0
				,1
				,0
				,0
				,1
				,0
				,0
				,0
				,1
				,0
				,0
				,1
				,0
				,0
				,1
				,0
				,0
				,1
				,0
				,1
				,0
				,0
				,1
				,0
				,0
				,1
				,0
				,0
				,1
				,0
				,0
				,0
				,-1
				,0
				,0
				,-1
				,0
				,0
				,-1
				,0
				,0
				,-1
				,0
				,1
				,0
				,0
				,1
				,0
				,6.11875e-008
				,1
				,0
				,6.11875e-008
				,1
				,0
				,6.11875e-008
				,1
				,0
				,0
				,1
				,0
				,6.11875e-008
				,1
				,0
				,6.11875e-008
				,1
				,0
				,6.11875e-008
				,-0.919074
				,-0.393889
				,0.0124737
				,-0.919074
				,-0.393889
				,0.0124737
				,-0.919074
				,-0.393889
				,0.0124737
				,-0.919074
				,0.393889
				,-0.0124737
				,-0.919074
				,0.393889
				,-0.0124737
				,-0.919074
				,0.393889
				,-0.0124737
				,-1
				,0
				,0
				,-1
				,0
				,0
				,-1
				,0
				,0
				,-1
				,0
				,0
				,-1
				,0
				,0
				,-1
				,0
				,0
				,-1
				,0
				,0
				,-1
				,0
				,0
				,1
				,0
				,0
				,1
				,0
				,0
				,1
				,0
				,0
				,1
				,0
				,0
				,1
				,0
				,0
				,1
				,0
				,0
				,1
				,0
				,0
				,1
				,0
				,0
				,0
				,0
				,-1
				,0
				,0
				,-1
				,0
				,0
				,-1
				,0
				,0
				,-1
				,-1
				,0
				,0
				,-1
				,0
				,0
				,-1
				,0
				,0
				,-1
				,0
				,0
				,0
				,0
				,1
				,0
				,0
				,1
				,0
				,0
				,1
				,0
				,0
				,1
			]
			,