{
	 "__metadata__": {
		 "format": "assimp2json"
		,"version": 100
	}
	,"rootnode": {
		 "name": "road04.obj"
		,"transformation": [
			 1
			,0
			,0
			,0
			,0
			,1
			,0
			,0
			,0
			,0
			,1
			,0
			,0
			,0
			,0
			,1
		]
		,"children": [
			{
				 "name": "Plane.017"
				,"transformation": [
					 1
					,0
					,0
					,0
					,0
					,1
					,0
					,0
					,0
					,0
					,1
					,0
					,0
					,0
					,0
					,1
				]
				,"meshes": [
					 0
				]
			}
			,{
				 "name": "defaultobject"
				,"transformation": [
					 1
					,0
					,0
					,0
					,0
					,1
					,0
					,0
					,0
					,0
					,1
					,0
					,0
					,0
					,0
					,1
				]
				,"meshes": [
					 1
				]
			}
			,{
				 "name": "defaultobject"
				,"transformation": [
					 1
					,0
					,0
					,0
					,0
					,1
					,0
					,0
					,0
					,0
					,1
					,0
					,0
					,0
					,0
					,1
				]
				,"meshes": [
					 2
				]
			}
			,{
				 "name": "defaultobject"
				,"transformation": [
					 1
					,0
					,0
					,0
					,0
					,1
					,0
					,0
					,0
					,0
					,1
					,0
					,0
					,0
					,0
					,1
				]
				,"meshes": [
					 3
				]
			}
			,{
				 "name": "defaultobject"
				,"transformation": [
					 1
					,0
					,0
					,0
					,0
					,1
					,0
					,0
					,0
					,0
					,1
					,0
					,0
					,0
					,0
					,1
				]
				,"meshes": [
					 4
				]
			}
		]
	}
	,"flags": 8
	,"meshes": [
		{
			 "name": ""
			,"materialindex": 4
			,"primitivetypes": 4
			,"vertices": [
				 -0.020217
				,0
				,1.16699
				,0.552467
				,0
				,1.16699
				,0.552467
				,0
				,-1.12375
				,-0.020217
				,0
				,-1.12375
				,-0.020217
				,0
				,1.16699
				,-0.020217
				,0
				,-1.12375
				,-0.592902
				,0
				,-1.12375
				,-0.592902
				,0
				,1.16699
			]
			,"normals": [
				 0
				,1
				,0
				,0
				,1
				,0
				,0
				,1
				,0
				,0
				,1
				,0
				,0
				,1
				,0
				,0
				,1
				,0
				,0
				,1
				,0
				,0
				,1
				,0
			]
			,"tangents": [
				 1
				,0
				,0
				,1
				,0
				,0
				,1
				,0
				,0
				,1
				,0
				,0
				,-1
				,0
				,0
				,-1
				,0
				,0
				,-1
				,0
				,0
				,-1
				,0
				,0
			]
			,"bitangents": [
				 0
				,0
				,1
				,0
				,0
				,1
				,0
				,0
				,1
				,0
				,0
				,1
				,0
				,0
				,1
				,0
				,0
				,1
				,0
				,0
				,1
				,0
				,0
				,1
			]
			,"numuvcomponents": [
				 2
			]
			,"texturecoords": [
				[
					 0.411726
					,-0.94308
					,0.991281
					,-0.94308
					,0.991281
					,1
					,0.411726
					,1
					,0.411726
					,-0.94308
					,0.411726
					,1
					,0.991281
					,1
					,0.991281
					,-0.94308
				]
			]
			,"faces": [
				[
					 0
					,1
					,2
				]
				,[
					 0
					,2
					,3
				]
				,[
					 4
					,5
					,6
				]
				,[
					 4
					,6
					,7
				]
			]
		}
		,{
			 "name": ""
			,"materialindex": 3
			,"primitivetypes": 4
			,"vertices": [
				 1.12515
				,0
				,1.16699
				,1.12515
				,0
				,-1.12375
				,1.12515
				,0.03364
				,-1.12375
				,1.12515
				,0.03364
				,1.16699
				,-1.16559
				,0
				,1.16699
				,-1.16559
				,0.03364
				,1.16699
				,-1.16559
				,0.03364
				,-1.12375
				,-1.16559
				,0
				,-1.12375
			]
			,"normals": [
				 1
				,0
				,0
				,1
				,0
				,0
				,1
				,0
				,0
				,1
				,0
				,0
				,-1
				,0
				,0
				,-1
				,0
				,0
				,-1
				,0
				,0
				,-1
				,0
				,0
			]
			,"faces": [
				[
					 0
					,1
					,2
				]
				,[
					 0
					,2
					,3
				]
				,[
					 4
					,5
					,6
				]
				,[
					 4
					,6
					,7
				]
			]
		}
		,{
			 "name": ""
			,"materialindex": 0
			,"primitivetypes": 4
			,"vertices": [
				 0.5569
				,0.03364
				,1.16699
				,0.5569
				,0.03364
				,-1.12375
				,0.552467
				,0.030978
				,-1.12375
				,0.552467
				,0.030978
				,1.16699
				,-0.597335
				,0.03364
				,1.16699
				,-0.592902
				,0.030978
				,1.16699
				,-0.592902
				,0.030978
				,-1.12375
				,-0.597335
				,0.03364
				,-1.12375
			]
			,"normals": [
				 -0.5148
				,0.8573
				,0
				,-0.5148
				,0.8573
				,0
				,-0.5148
				,0.8573
				,0
				,-0.5148
				,0.8573
				,0
				,0.5148
				,0.8573
				,0
				,0.5148
				,0.8573
				,0
				,0.5148
				,0.8573
				,0
				,0.5148
				,0.8573
				,0
			]
			,"tangents": [
				 0
				,0
				,-1
				,0
				,0
				,-1
				,0
				,0
				,-1
				,0
				,0
				,-1
				,0
				,0
				,-1
				,0
				,0
				,-1
				,0
				,0
				,-1
				,0
				,0
				,-1
			]
			,"bitangents": [
				 0.857308
				,0.514805
				,0
				,0.857308
				,0.514805
				,0
				,0.857308
				,0.514805
				,0
				,0.857308
				,0.514805
				,0
				,-0.857308
				,0.514805
				,0
				,-0.857308
				,0.514805
				,0
				,-0.857308
				,0.514805
				,0
				,-0.857308
				,0.514805
				,0
			]
			,"numuvcomponents": [
				 2
			]
			,"texturecoords": [
				[
					 -1.86869
					,-0.020601
					,4.11049
					,-0.020601
					,4.11049
					,1.00479
					,-1.86869
					,1.00479
					,-1.86869
					,-0.020601
					,-1.86869
					,1.00479
					,4.11049
					,1.00479
					,4.11049
					,-0.020601
				]
			]
			,"faces": [
				[
					 0
					,1
					,2
				]
				,[
					 0
					,2
					,3
				]
				,[
					 4
					,5
					,6
				]
				,[
					 4
					,6
					,7
				]
			]
		}
		,{
			 "name": ""
			,"materialindex": 1
			,"primitivetypes": 4
			,"vertices": [
				 0.552467
				,0
				,-1.12375
				,0.552467
				,0
				,1.16699
				,0.552467
				,0.030978
				,1.16699
				,0.552467
				,0.030978
				,-1.12375
				,0.5569
				,0.03364
				,1.16699
				,0.588213
				,0.03364
				,1.16699
				,0.588213
				,0.03364
				,-1.12375
				,0.5569
				,0.03364
				,-1.12375
				,-0.592902
				,0
				,-1.12375
				,-0.592902
				,0.030978
				,-1.12375
				,-0.592902
				,0.030978
				,1.16699
				,-0.592902
				,0
				,1.16699
				,-0.597335
				,0.03364
				,1.16699
				,-0.597335
				,0.03364
				,-1.12375
				,-0.628647
				,0.03364
				,-1.12375
				,-0.628647
				,0.03364
				,1.16699
			]
			,"normals": [
				 -1
				,0
				,0
				,-1
				,0
				,0
				,-1
				,0
				,0
				,-1
				,0
				,0
				,0
				,1
				,0
				,0
				,1
				,0
				,0
				,1
				,0
				,0
				,1
				,0
				,1
				,0
				,0
				,1
				,0
				,0
				,1
				,0
				,0
				,1
				,0
				,0
				,0
				,1
				,0
				,0
				,1
				,0
				,0
				,1
				,0
				,0
				,1
				,0
			]
			,"tangents": [
				 0
				,0
				,-1
				,0
				,0
				,-1
				,0
				,0
				,-1
				,0
				,0
				,-1
				,0
				,0
				,-1
				,0
				,0
				,-1
				,0
				,0
				,-1
				,0
				,0
				,-1
				,0
				,0
				,-1
				,0
				,0
				,-1
				,0
				,0
				,-1
				,0
				,0
				,-1
				,0
				,0
				,-1
				,0
				,0
				,-1
				,0
				,0
				,-1
				,0
				,0
				,-1
			]
			,"bitangents": [
				 0
				,-1
				,0
				,0
				,-1
				,0
				,0
				,-1
				,0
				,0
				,-1
				,0
				,1
				,0
				,0
				,1
				,0
				,0
				,1
				,0
				,0
				,1
				,0
				,0
				,0
				,-1
				,0
				,0
				,-1
				,0
				,0
				,-1
				,0
				,0
				,-1
				,0
				,-1
				,0
				,0
				,-1
				,0
				,0
				,-1
				,0
				,0
				,-1
				,0
				,0
			]
			,"numuvcomponents": [
				 2
			]
			,"texturecoords": [
				[
					 7.28757
					,0
					,0
					,0
					,0
					,1
					,7.28757
					,1
					,0.037058
					,1.06518
					,0.037058
					,0.000407
					,7.28762
					,0.000407
					,7.28762
					,1.06518
					,7.28757
					,0
					,7.28757
					,1
					,0
					,1
					,0
					,0
					,0.037058
					,1.06518
					,7.28762
					,1.06518
					,7.28762
					,0.000407
					,0.037058
					,0.000407
				]
			]
			,"faces": [
				[
					 0
					,1
					,2
				]
				,[
					 0
					,2
					,3
				]
				,[
					 4
					,5
					,6
				]
				,[
					 4
					,6
					,7
				]
				,[
					 8
					,9
					,10
				]
				,[
					 8
					,10
					,11
				]
				,[
					 12
					,13
					,14
				]
				,[
					 12
					,14
					,15
				]
			]
		}
		,{
			 "name": ""
			,"materialindex": 2
			,"primitivetypes": 4
			,